timesteps,updates,loss,policy_loss,value_loss,entropy,mean_return
128,200,13.00828745484352,-0.0066800365038216115,13.035292947292328,2.0325433909893036,-48.125
256,200,6.402563532590866,-0.08599133601412177,6.509153079986572,2.0598199236392976,-45.92499999999999
384,200,12.223303942680358,-0.008343443609774112,12.252185416221618,2.0537991189956664,-49.574999999999996
512,200,9.358251832723617,-0.05813203856348991,9.436991724967957,2.060786429643631,-36.94999999999999
640,200,3.049371048808098,-0.07275850656442344,3.1421588665246962,2.0029317700862883,-40.67499999999999
768,200,4.078188654780388,-0.07335225773043931,4.17196813762188,2.0427228820323946,-33.65
896,200,3.6344370222091675,-0.08924661311320961,3.7440500497817992,2.036641410589218,-35.94999999999999
1024,200,3.3764332866668703,-0.09504231169819832,3.492004069685936,2.052847762107849,-35.999999999999986
1152,200,4.576244032382965,-0.05580550380051136,4.652915017008781,2.0865493977069853,-44.574999999999996
1280,200,4.3529116648435595,-0.08404450070112944,4.45773152589798,2.0775375318527223,-35.57499999999999
1408,200,12.262435834407807,-0.028367345491424202,12.311830682754517,2.1027523720264436,-52.849999999999994
1536,200,7.638414809703827,-0.06192107314709574,7.721262671947479,2.0926795756816863,-39.974999999999994
1664,200,7.772148213386536,-0.052385165225714445,7.845345166921615,2.0811789655685424,-31.59999999999999
1792,200,6.451851534843445,-0.0596060851495713,6.532866888046264,2.1409264576435088,-42.925
1920,200,5.0966376626491545,-0.07385646314360202,5.191293715238571,2.0799588739871977,-35.349999999999994
2048,200,3.4370130532979966,-0.09056992944329977,3.548084560036659,2.050156625509262,-43.02499999999999
2176,200,6.175711787939072,-0.05875235941261053,6.254222269058228,1.9758125388622283,-46.04999999999999
2304,200,8.32121647953987,-0.06500857263337821,8.406118532419205,1.9893479996919632,-40.44999999999999
2432,200,5.402887587547302,-0.08357180097140372,5.506806544065475,2.0347154396772384,-45.14999999999999
2560,200,5.878132901191711,-0.05259115281049162,5.9509615707397465,2.023751287460327,-35.32499999999999
2688,200,5.601721994280815,-0.07440402408596128,5.695956934690475,1.9830922776460647,-31.449999999999996
2816,200,4.274457494616509,-0.07108621455729008,4.3649122506380085,1.9368548971414565,-37.89999999999999
2944,200,8.451468420028686,-0.054152141967788336,8.525243630409241,1.9623093366622926,-47.449999999999996
3072,200,5.540206555128098,-0.07004472971893846,5.628541632890701,1.8290343034267424,-35.599999999999994
3200,200,6.37758700966835,-0.06462219053646549,6.459794300794601,1.7585092800855637,-46.52499999999999
3328,200,9.879279725551605,-0.03888811348471791,9.93572737455368,1.7559521120786667,-41.25
3456,200,11.071320906877517,-0.07031602052040398,11.15967899441719,1.8042002999782563,-25.399999999999995
3584,200,5.006109735965729,-0.06613201568834484,5.090527430772782,1.8285672515630722,-37.75
3712,200,5.4133608484268185,-0.06431188689544796,5.495710921287537,1.8038199442625045,-39.925
3840,200,6.287021669745445,-0.04308947474695742,6.347465517520905,1.7354359763860703,-57.0
3968,200,9.899243810176849,-0.0550139680551365,9.973045887947082,1.878809710741043,-45.74999999999999
4096,200,6.053529492616653,-0.0707285519875586,6.142634040117263,1.8375969761610031,-47.94999999999999
4224,200,6.327578843832016,-0.02893684263341129,6.375602540969848,1.9086864352226258,-46.375
4352,200,5.402789324522018,-0.06816087367944419,5.48938437461853,1.8434186816215514,-47.324999999999996
4480,200,10.571349551677704,-0.044868476875126365,10.632586605548859,1.6368579530715943,-35.574999999999996
4608,200,5.10236226439476,-0.07322281209751963,5.19370747089386,1.8122385090589523,-48.52499999999999
4736,200,7.856178145408631,-0.06732051141094417,7.9411953568458555,1.7696704721450807,-42.74999999999999
4864,200,12.989524183273316,-0.03527840784750879,13.042839872837067,1.8037273961305618,-46.525
4992,200,15.355847806930543,-0.05315744372084737,15.428737044334412,1.9731870657205581,-46.974999999999994
5120,200,12.701919269561767,-0.06278897848911584,12.783696937561036,1.898863136768341,-33.37499999999999
5248,200,7.010797678232193,-0.07014879452530294,7.099542698860168,1.859624093770981,-45.474999999999994
5376,200,9.253812074661255,-0.05499435614794493,9.328024314641953,1.9217876130342484,-37.32499999999999
5504,200,14.744720513820647,-0.020141505505889654,14.783560304641723,1.8698211181163789,-39.425
5632,200,9.42822686433792,-0.06957837312482297,9.515936572551727,1.813136460185051,-34.24999999999999
5760,200,9.525128099918366,-0.05884388728998601,9.603101155757905,1.9129186695814133,-35.05
5888,200,11.521756727695465,-0.03908701388631016,11.579535903930664,1.8692183375358582,-44.14999999999999
6016,200,5.612362371683121,-0.08095047669485211,5.710369288921356,1.705643466114998,-32.8
6144,200,5.238396925926208,-0.06460675286129117,5.320961158275605,1.7957461768388747,-32.64999999999999
6272,200,9.962944039106368,-0.06456565944012255,10.045382121801376,1.7872437524795532,-28.249999999999996
6400,200,3.7792064613103866,-0.05238354880129918,3.849892610311508,1.8302606356143951,-20.275
6528,200,5.791855500936508,-0.06458738899789751,5.873874839544296,1.743193471431732,-27.574999999999996
6656,200,5.786732006072998,-0.08237813253421336,5.8861499428749084,1.7039803677797318,-27.02499999999999
6784,200,4.400528176426888,-0.07943325325846672,4.497459743022919,1.7498315596580505,-16.025
6912,200,3.82944224357605,-0.07061776840593666,3.91459743976593,1.4537423288822173,-27.825
7040,200,5.875300327539444,-0.07876222970429808,5.970820367336273,1.675779880285263,-28.325
7168,200,2.9644707792997362,-0.06605373237282038,3.047359569966793,1.6835069698095322,-13.125
7296,200,2.453502876162529,-0.08361897802911698,2.553139744400978,1.6017894852161407,-25.249999999999996
7424,200,4.131141665577888,-0.07617182805668563,4.223674777746201,1.6361283767223358,-28.79999999999999
7552,200,5.927706974744797,-0.0597398495208472,6.004354212284088,1.690740687251091,-29.799999999999997
7680,200,2.955182928740978,-0.059647085666656496,3.0311094987392426,1.6279486912488936,-19.325000000000003
7808,200,2.7426956920325756,-0.07145334025844932,2.8299671667814255,1.58181382894516,-13.150000000000002
7936,200,5.560373899936676,-0.07709737655706704,5.654476789236068,1.7005531728267669,-22.699999999999996
8064,200,3.219980508685112,-0.10118333391845226,3.3382977536320686,1.7133911907672883,-28.325
8192,200,6.336383007764816,-0.06380179528146983,6.417063302397728,1.687846850156784,-25.624999999999993
8320,200,2.7190589088201524,-0.0848445034539327,2.820823764204979,1.692034537792206,-21.824999999999996
8448,200,5.906833862066269,-0.08620800639037043,6.009801096916199,1.6759224808216096,-25.774999999999995
8576,200,3.678302951157093,-0.07640119099523872,3.7713010084629057,1.659687464237213,-27.424999999999994
8704,200,3.2453122738003732,-0.06842605467420071,3.328513758778572,1.4775438195466994,-7.550000000000003
8832,200,2.9393932312726974,-0.05993068464100361,3.0149714452028276,1.5647522550821304,-15.775
8960,200,3.0869523724913597,-0.06838316141162068,3.170183414816856,1.4847887074947357,-11.400000000000002
9088,200,3.36900290876627,-0.08069512607064099,3.4659479880332946,1.6249932008981705,-23.425
9216,200,3.8883592373132707,-0.06277535917703063,3.9675841784477233,1.6449566555023194,-22.499999999999993
9344,200,7.579643988609314,-0.05076287843286991,7.64757710814476,1.717024205327034,-27.799999999999994
9472,200,3.4513608750700953,-0.07715308490674942,3.544482827782631,1.5968881171941758,-17.825
9600,200,5.231986032724381,-0.06364592887926847,5.312474749088287,1.6842784011363983,-19.674999999999997
9728,200,3.76503792822361,-0.051777429156936707,3.833070611357689,1.6255237883329392,-30.575
9856,200,5.056347634792328,-0.08145506498403847,5.153935230970383,1.6132509869337082,-17.325000000000003
9984,200,4.026646771430969,-0.07079239082988352,4.11298586010933,1.5546703624725342,-28.674999999999997
10112,200,2.3318291580677033,-0.07779971091076732,2.424563353061676,1.4934491151571274,-18.474999999999994
10240,200,1.466460868269205,-0.08374079978559167,1.5651201939582824,1.491852970123291,-25.775
10368,200,3.850719385743141,-0.07731138532049954,3.943476678133011,1.5445902913808822,-26.749999999999996
10496,200,2.6445318537950517,-0.07641291978769005,2.736205824017525,1.5261054229736328,-16.849999999999998
10624,200,2.917871005833149,-0.06652728504501283,2.9998898407816887,1.5491549903154374,-17.349999999999998
10752,200,2.4134639558196067,-0.07513116512913257,2.501831271648407,1.323615284562111,-20.724999999999994
10880,200,2.280039416849613,-0.07123008385300636,2.365794457197189,1.4524957996606827,-20.5
11008,200,5.315849865674973,-0.04867750256322324,5.379741362333298,1.521400738954544,-32.67499999999999
11136,200,3.119024972319603,-0.07053159416653215,3.2039136749506,1.4357095974683762,-13.0
11264,200,5.147556899785996,-0.0736709279473871,5.236263754963875,1.5035918587446213,-12.350000000000005
11392,200,5.6675000166893,-0.038763716639950874,5.721186534166336,1.492281318306923,-18.225
11520,200,3.864545826911926,-0.07393393435515463,3.954914852976799,1.6435100847482682,-8.325000000000003
11648,200,3.3337745547294615,-0.08005990402773022,3.43037100315094,1.6536543422937393,-17.325
11776,200,1.8145959251374006,-0.07982952060177922,1.910252946317196,1.5827509731054306,-13.000000000000007
11904,200,3.7454968094825745,-0.055960990660823884,3.8164499098062517,1.499211505651474,-27.699999999999992
12032,200,2.9962185153365137,-0.0673789589572698,3.0796781054139135,1.608062943816185,-15.200000000000006
12160,200,4.138625784516335,-0.07399362564086914,4.228860601186752,1.6241194212436676,-11.475000000000005
12288,200,1.1802560339123012,-0.0860405378928408,1.280960038304329,1.4663471180200576,-20.775
12416,200,1.846617388278246,-0.08306503158528358,1.9453832665085793,1.5700846511125564,-13.500000000000005
12544,200,3.375684911310673,-0.0560977699002251,3.4483459758758546,1.6563289564847947,-9.625000000000002
12672,200,1.9760748720169068,-0.08898460387252272,2.082570180892944,1.7510700953006744,-16.700000000000003
12800,200,5.3031975257396695,-0.06289832971058786,5.381273801326752,1.5177950221300125,-28.774999999999984
12928,200,3.7508666694164274,-0.07245136416517198,3.8380732107162476,1.4755184918642044,-18.174999999999997
13056,200,3.8276281213760375,-0.07426696938928216,3.9191789746284487,1.7283869725465775,-25.174999999999997
13184,200,3.1826907166838647,-0.0813436353392899,3.280237902402878,1.6203552573919295,-18.275
13312,200,5.398363481163979,-0.06312643294222653,5.477950623035431,1.646072096824646,-16.000000000000004
13440,200,2.740490908026695,-0.08501078631263226,2.8428836050629616,1.7381911313533782,-23.699999999999996
13568,200,4.833854537010193,-0.08051290398463606,4.932362304925919,1.7994884133338929,-19.899999999999995
13696,200,2.6463986924290657,-0.08761763735674322,2.752199592590332,1.818326192498207,-17.574999999999996
13824,200,3.278413286805153,-0.06587135065346957,3.3612133228778838,1.692867558002472,-36.025
13952,200,5.4124451565742495,-0.074085823004134,5.5044370305538175,1.7906044363975524,-22.874999999999993
14080,200,2.864760954678059,-0.08360359731595964,2.966096859276295,1.7732319670915604,-26.025
14208,200,3.607362498641014,-0.07376041369978338,3.6986575931310655,1.7534671807289124,-28.624999999999996
14336,200,7.14305294752121,-0.019373429091647267,7.180681135654449,1.8254757225513458,-16.700000000000003
14464,200,6.154866267442703,-0.059753010449931025,6.233062492609024,1.8443236869573594,-18.775
14592,200,6.143426460027695,-0.05661763644777238,6.218258391022682,1.8214282965660096,-26.474999999999998
14720,200,5.310734196901321,-0.06976739907637239,5.398593716621399,1.809212800860405,-38.099999999999994
14848,200,5.726470669507981,-0.03337549241259694,5.77701829791069,1.717214499115944,-30.674999999999994
14976,200,7.534287377595901,-0.04540360004175455,7.597251924276352,1.756098906993866,-26.974999999999998
15104,200,2.9558506789803505,-0.0796511148614809,3.053514384031296,1.801258500814438,-19.275
15232,200,4.994570840597152,-0.0666667491896078,5.0794939023256305,1.825630434155464,-26.649999999999995
15360,200,9.229443323612212,-0.06098522560670972,9.308676607608795,1.8248068779706954,-36.89999999999999
15488,200,6.052378828525543,-0.042816173774190246,6.112429029941559,1.723403612971306,-32.999999999999986
15616,200,4.1057299941778185,-0.06963837320217862,4.193856105804444,1.8487735021114349,-27.27499999999999
15744,200,3.2398319923877716,-0.08683524261694402,3.344707891345024,1.8040655905008316,-36.84999999999999
15872,200,5.949416364431381,-0.06936957453377544,6.037041330337525,1.8255419027805329,-20.774999999999988
16000,200,3.990203058719635,-0.056167025743052365,4.063864001631737,1.749388216137886,-29.149999999999988
16128,200,6.027959973812103,-0.053973737377673386,6.099899054169655,1.7965374886989594,-32.67499999999999
16256,200,2.731679927110672,-0.08468786143232138,2.8336051550507544,1.7237351393699647,-23.074999999999996
16384,200,6.617587015628815,-0.039811257417313756,6.67582950592041,1.8431258308887482,-39.349999999999994
16512,200,4.051458346247673,-0.07822029438801109,4.147064300179482,1.7385661649703978,-21.799999999999997
16640,200,4.87219908952713,-0.07959827140904963,4.968107233047485,1.6309860104322433,-23.724999999999994
16768,200,5.235240735411644,-0.05254443319980055,5.304702013731003,1.6916865277290345,-33.575
16896,200,6.899519839882851,-0.05193177429027855,6.968608772754669,1.7157181686162948,-26.299999999999997
17024,200,4.507956787347793,-0.0448679306730628,4.5683644396066665,1.5539722818136215,-18.500000000000004
17152,200,3.5957452762126922,-0.06777396285906434,3.679652179479599,1.613295516371727,-18.150000000000002
17280,200,2.8064607217907906,-0.07737659488804638,2.8996901369094847,1.5852808964252472,-17.200000000000003
17408,200,2.4734433951973913,-0.07066098514012992,2.561383468210697,1.7279087269306184,-19.175
17536,200,3.095253275334835,-0.06489612034521997,3.1764777117967604,1.6328319650888443,-16.275000000000002
17664,200,3.0111273142695425,-0.07780050805304199,3.105560325086117,1.6632504081726074,-18.200000000000003
17792,200,3.810524823665619,-0.05016862673684955,3.877237245440483,1.654378880262375,-33.925
17920,200,2.376653988957405,-0.07491772681474686,2.4687005016207695,1.7128790056705474,-23.075
18048,200,4.694540929198265,-0.06274341593496502,4.7746917700767515,1.74074294090271,-20.65
18176,200,3.5686932003498075,-0.08343008540105075,3.668803610801697,1.6680333697795868,-20.474999999999998
18304,200,2.5365891778469085,-0.06973787453025579,2.6235407984256742,1.7213750451803207,-19.6
18432,200,2.9037422347068786,-0.053222077605314555,2.972305038869381,1.534073414206505,-20.725
18560,200,2.0851893439888953,-0.07299754176288843,2.174233894050121,1.6047005200386046,-10.950000000000001
18688,200,2.895390862226486,-0.07410436457954347,2.9863267430663107,1.6831514650583268,-15.150000000000006
18816,200,4.875431379675865,-0.050225999858230355,4.942599747180939,1.6942378640174867,-28.72499999999999
18944,200,2.5320692947506904,-0.0701725840754807,2.6187419500947,1.650006166100502,-16.975
19072,200,2.842032416462898,-0.03341408792417497,2.892524834871292,1.7078333455324173,-26.774999999999995
19200,200,2.298376321196556,-0.09833556680940092,2.4132702416181564,1.6558356392383575,-14.975000000000001
19328,200,3.378901071250439,-0.07016072020865977,3.465905089378357,1.6843321973085403,-21.5
19456,200,4.344491730332375,-0.043778835060074926,4.405873544812202,1.760297167301178,-20.425
19584,200,3.6363179063796998,-0.06910368082113565,3.7222365778684616,1.6814998662471772,-18.549999999999997
19712,200,2.6593937584757805,-0.05908332362305373,2.736415066421032,1.793799459338188,-8.000000000000002
19840,200,2.929054587483406,-0.07069021822884679,3.0163445961475372,1.6599793708324433,-21.124999999999996
19968,200,9.193690677881241,-0.018697950579226016,9.229607108831406,1.7218470174074172,-41.875
20096,200,3.5631603664159774,-0.07588891075924038,3.657752876877785,1.8703610134124755,-24.374999999999993
20224,200,4.655740704536438,-0.0642554468009621,4.73728562772274,1.7289474415779114,-23.424999999999997
20352,200,4.718579384088517,-0.05133045352064073,4.787287991046906,1.7378166425228119,-25.6
20480,200,3.3388087821006773,-0.07813432530965655,3.4328759038448333,1.5932802575826646,-23.75
20608,200,5.480962156057358,-0.06471074121072888,5.562186049222946,1.65131740629673,-19.125
20736,200,2.1770908495783807,-0.09773093103896827,2.290843102633953,1.6021332985162735,-25.274999999999995
20864,200,4.226983952522278,-0.06344798680627718,4.3063817465305325,1.5949821454286575,-31.25
20992,200,3.643647053837776,-0.05632958571659401,3.715117235183716,1.514060006737709,-23.349999999999994
21120,200,2.989416021704674,-0.060626305229961874,3.0658519873023033,1.5809664744138718,-23.349999999999998
21248,200,2.121445001065731,-0.07461724237073213,2.2113082706928253,1.5246017748117446,-19.1
21376,200,2.9105023097991944,-0.07034484433941543,2.996966251730919,1.6119098418951034,-23.749999999999996
21504,200,2.0694556438922884,-0.07649218732491135,2.1631213769316675,1.7173542577028273,-30.499999999999993
21632,200,3.514308684170246,-0.0766689289547503,3.6060225611925123,1.5044946026802064,-22.79999999999999
21760,200,3.405537065565586,-0.055890399338677524,3.476884887218475,1.5457422775030136,-15.550000000000002
21888,200,2.8389666855335234,-0.09372177571989596,2.9499946880340575,1.730622346997261,-22.14999999999999
22016,200,2.181673335880041,-0.08551555929239839,2.2834960766136647,1.6307172870635986,-19.550000000000004
22144,200,3.0954900223016737,-0.07968509000726044,3.1922227478027345,1.704763407111168,-20.074999999999992
22272,200,2.863319655656815,-0.0659598993882537,2.945211689174175,1.5932118886709212,-19.800000000000004
22400,200,2.7135133984684945,-0.06780020700767636,2.798337435424328,1.7023823326826095,-33.624999999999986
22528,200,3.5275205793976783,-0.04918756579514593,3.5938519781827925,1.7143850010633468,-26.09999999999998
22656,200,4.974862831234932,-0.05381153529509902,5.044767157435417,1.6092776292562485,-24.799999999999986
22784,200,4.404996391534805,-0.06646572492551059,4.487365127205849,1.5903030163049698,-34.775
22912,200,5.600278041362762,-0.0613121691159904,5.6778485715389255,1.6258369320631028,-27.675
23040,200,7.499996550083161,-0.05137163093313575,7.567564363479614,1.6196194785833358,-18.174999999999997
23168,200,4.401859630346298,-0.07182978894561529,4.490599357485771,1.6909935653209687,-29.424999999999997
23296,200,5.004930559396744,-0.06416729648597538,5.085546350479126,1.6448495572805404,-25.625
23424,200,5.780348659753799,-0.06352906307671219,5.861137654781341,1.7259930610656737,-27.724999999999998
23552,200,2.731462146639824,-0.08289241341408342,2.831947150528431,1.7592599755525589,-20.725
23680,200,3.9706519949436188,-0.0777477044146508,4.0658955943584445,1.7495878392457962,-25.724999999999998
23808,200,7.737659645080567,-0.054588851914741096,7.808874753713607,1.6626225125789642,-34.175
23936,200,7.7427496910095215,-0.06164337205234915,7.821752673387527,1.735960726737976,-41.025
24064,200,15.445681025981903,-0.0304640826350078,15.493072214126586,1.6927112495899201,-30.574999999999996
24192,200,5.800358244180679,-0.06037535076960921,5.8774731361866,1.6739539802074432,-21.674999999999994
24320,200,7.178042297363281,-0.056479771174490455,7.2509408378601075,1.6418783968687058,-45.44999999999999
24448,200,5.44439625620842,-0.07127969975583255,5.531741008758545,1.606504372358322,-32.624999999999986
24576,200,8.684630830287933,-0.05957314398605376,8.759464211463929,1.5260212790966035,-37.47499999999999
24704,200,7.2702446985244755,-0.0499283492192626,7.334834725856781,1.466164174079895,-37.37499999999999
24832,200,11.825536146163941,-0.04781486942432821,11.889253747463226,1.590274277329445,-40.87499999999999
24960,200,7.503215715885163,-0.05775254679843783,7.575652086734772,1.4683831775188445,-48.8
25088,200,11.962069358825683,-0.03742737887892872,12.015909435749053,1.641270825266838,-40.45
25216,200,11.483400801420212,0.005966475000604987,11.493664305210114,1.6230003076791764,-36.474999999999994
25344,200,7.722262963056564,-0.0731102399341762,7.81198437333107,1.6611200493574143,-44.825
25472,200,10.851949768066406,-0.01183969565667212,10.880493512153626,1.6704038572311402,-41.87499999999999
25600,200,9.879845079183578,-0.038359231133945286,9.936254255771637,1.8049928271770477,-35.974999999999994
